Name,Role,BibNumber
James Anderson,Leader,101
Michael Thompson,Leader,102
William Davis,Leader,103
Christopher Wilson,Leader,104
Daniel Martinez,Leader,105
Joseph Taylor,Leader,106
David Brown,Leader,107
Robert Johnson,Leader,108
Thomas Moore,Leader,109
Richard Garcia,Leader,110
Kevin Miller,Leader,111
Steven White,Leader,112
Charles Lee,Leader,113
Paul Rodriguez,Leader,114
Mark Hernandez,Leader,115
George Walker,Leader,116
Kenneth Hall,Leader,117
Edward Young,Leader,118
Brian King,Leader,119
Ronald Scott,Leader,120
Anthony Green,Leader,121
Jason Adams,Leader,122
Ryan Baker,Leader,123
Patrick Nelson,Leader,124
Justin Hill,Leader,125
Brandon Rivera,Leader,126
Timothy Carter,Leader,127
Gregory Cooper,Leader,128
Peter Morgan,Leader,129
Frank Phillips,Leader,130
Stephen Evans,Leader,131
Dennis Ross,Leader,132
Eric Butler,Leader,133
Todd Barnes,Leader,134
Keith Howard,Leader,135
Douglas Reed,Leader,136
Roger Torres,Leader,137
Carl Hughes,Leader,138
Arthur Price,Leader,139
Gerald Cox,Leader,140
Sarah Johnson,Follower,201
Emily Williams,Follower,202
Emma Jones,Follower,203
Olivia Brown,Follower,204
Ava Davis,Follower,205
Isabella Wilson,Follower,206
Sophia Martinez,Follower,207
Mia Anderson,Follower,208
Charlotte Taylor,Follower,209
Amelia Thomas,Follower,210
Harper Garcia,Follower,211
Evelyn Miller,Follower,212
Abigail Moore,Follower,213
Elizabeth Clark,Follower,214
Sofia Rodriguez,Follower,215
Victoria Lewis,Follower,216
Camila Lee,Follower,217
Luna Walker,Follower,218
Grace Hall,Follower,219
Chloe King,Follower,220
Penelope Scott,Follower,221
Layla Green,Follower,222
Riley Adams,Follower,223
Zoey Baker,Follower,224
Nora Nelson,Follower,225
Lily Hill,Follower,226
Eleanor Rivera,Follower,227
Hannah Carter,Follower,228
Lillian Cooper,Follower,229
Addison Morgan,Follower,230
Aubrey Phillips,Follower,231
Ellie Evans,Follower,232
Stella Ross,Follower,233
Natalie Butler,Follower,234
Zoe Barnes,Follower,235
Leah Howard,Follower,236
Hazel Reed,Follower,237 